Domain Name;Company Name;VAT # / Org No
nordiskhundemassasjeskole  ;NORDISK HUNDEMASSASJE SKOLE AS;992864265
nordisktrygghet  ;NORDISK TRYGGHET JACEK BOROWIAK;918575677
nordiwa  ;NORWEGIAN WATER BA;986273026
nordix  ;NORDIX DATA AS;864133312
nordkak  ;NORDKAK AS;979765991
kirken  rdkapp  ;;
nordkapp-boats  ;Nordkapp Boats AS;958204434
nordkappauto  ;NORDKAPP AUTO AS;979703090
nordkappcamping  ;;
nordkappcaravancamp  ;;
nordkappfilmfestival  ;;
nordkapphavn  ;;
nordkapplandet  ;;
nordkappmuseet  ;;
nordkisa  ;;
nordkkk  ;;
nordkontakt  ;;
nordkraft  ;;
nordkraftarena  ;;
nordkraftnett  ;;
nordkynvekst  ;;
nordlaendingernes-forening  ;;
nordland-akademi  ;;
nordland-betongelement  ;;
nordlandbetong  ;;
nordlandet  ;;
nordlandnasjonalparksenter  ;;
nordlandsbuss  ;;
nordlandsforskning  ;;
nordlandsmuseet  ;;
nordlandsnatur  ;;
nordlandsnaturen  ;;
nordlandsnett  ;;
nordlandssykehuset  ;;
nordlandturselskap  ;;
nordli-totakt  ;;
nordlidata  ;;
nordlie-auto  ;;
nordluxgroup  ;;
nordlysbadet  ;;
nordlysfestivalen  ;;
nordlyshytter  ;;
nordlyskatedral  ;;
nordlyslab  ;;
nordlysmat  ;;
nordlystrafikksenter  ;;
nordma  ;;
nordmarin  ;;
nordmarkarundt  ;;
nordmarkstravern  ;;
nordmek  ;;
nordnes-bataillon  ;;
nordnes-revisjon  ;;
nordnes-verksteder  ;;
nordnesgruppen  ;;
nordnesrepublikken  ;;
nordnorgesguiden  ;;
nordnorsk-pensjonistskole  ;;
nordnorskbygg  ;;
nordnorskklatreskole  ;;
nordnorskviseforum  ;;
nordocks  ;;
nordoest  ;;
nordosterdalsmuseet  ;;
nordpaafjellhotell  ;;
nordplan  ;;
nordpolen  ;;
nordpremie  ;;
nordre-ekre  ;;
nordregate  ;;
nordregn  ;;
nordreisail  ;;
nordreisasokn  ;;
nordrelandregnskap  ;;
nordrenett  ;;
nordresande  ;;
nordreskoyenhovedgard  ;;
nordrevann  ;;
nordrill  ;;
nordsaltenmc  ;;
nordseterutvikling  ;;
nordsetmoen  ;;
nordsjokjokken  ;;
nordsjorittet  ;;
nordsjovegen  ;;
nordskogensag  ;;
nordskotbrygge  ;;
nordsteam2008  ;;
nordsti  ;;
nordstrand-dyreklinikk  ;;
nordstrand-osteopati  ;;
nordstrand-regnskap  ;;
nordstrandbygg  ;;
nordstrandkulturskole  ;;
nordtolk  ;;
nordtrac  ;;
nordtromsfuglehundklubb  ;;
nordtromsportalen  ;;
nordtromsror  ;;
nordtrondelagteater  ;;
nordvestvinduet  ;;
nordvik  ;;
nordvik-ikt  ;;
norea  ;;
noreatv  ;;
noreauto  ;;
norecopa  ;;
nored  ;;
noredu  ;;
norefjell-golf  ;;
norefjellhytta  ;;
norefjellskiogspa  ;;
noremi  ;;
norena  ;;
norenco  ;;
noreoguvdalbibliotek  ;;
nores  ;;
norfag  ;;
norfakta  ;;
norfersk  ;;
norfilm  ;;
norfo  ;;
norfolier  ;;
norfra  ;;
norganic  ;;
norgebygges  ;;
norgei3d  ;;
norgeodesi  ;;
norges-birokterlag  ;;
norges-ferie  ;;
norges-linforening  ;;
norges-tehus  ;;
norgesbakeriene  ;;
norgesbanken  ;;
norgesbooking  ;;
norgeselektro  ;;
norgeseliten  ;;
norgesfilm  ;;
norgesfor  ;;
norgesfredsrad  ;;
norgesgass  ;;
norgesgjerde  ;;
norgesglasset  ;;
norgesguidene  ;;
norgeshumler  ;;
norgesinvestor  ;;
norgeskirker  ;;
norgeskjell  ;;
norgeskluten  ;;
norgeskommunekalender  ;;
norgeskristnerad  ;;
norgeslover  ;;
norgesmarkiser  ;;
norgesmollene  ;;
norgesnettet  ;;
norgesprofil  ;;
norgesskolehagelag  ;;
norgesskolen  ;;
norgesuniversitetet  ;;
norgesvakrestested  ;;
norgesveleiendom  ;;
norgesverdensarv  ;;
norgesvikar  ;;
norgesyrkesskadesenter  ;;
norgrid  ;;
norgro  ;;
norhard  ;;
norheart  ;;
norheim-bl  ;;
norheimkirke  ;;
norheimnatursten  ;;
norhus  ;;
norice  ;;
norikon  ;;
norild  ;;
noring-ans  ;;
norinnetwork  ;;
norit  ;;
norjournal  ;;
norkjemi  ;;
norkr  ;;
norkred  ;;
norkrets  ;;
norkron  ;;
norlag  ;;
norlandiabarnehagene  ;;
norlandiahotelgroup  ;;
norleb  ;;
norlense  ;;
norlett  ;;
norlines  ;;
norlink  ;;
norlonn  ;;
norlux  ;;
normaer  ;;
normal  ;;
normanns  ;;
normannsgata5  ;;
normarine  ;;
normarinebryggen  ;;
normeca  ;;
normegling  ;;
normisjonost  ;;
normors  ;;
nornaturstein  ;;
norneshuset  ;;
nornet  ;;
nornir  ;;
norod  ;;
noronline  ;;
norpalm  ;;
norpartner  ;;
norpartnersalg  ;;
norpecoolteam  ;;
norpels  ;;
norphonic  ;;
norplasta  ;;
norplay  ;;
norplex  ;;
norpole  ;;
norport  ;;
norpowerelektro  ;;
norprodukter-sale  ;;
norren  ;;
norresource  ;;
norrona-vask  ;;
norronafly  ;;
norronaradio  ;;
nors-online  ;;
norsand  ;;
norsar-engineering  ;;
norsecraftgeo  ;;
norsecrafttec  ;;
norseman  ;;
norsenteret  ;;
norseoffshore  ;;
norservice  ;;
norserviceinterior  ;;
norservicesupport  ;;
norsirk  ;;
norsjo  ;;
norsjo-ferieland  ;;
norsjo-golfklubb  ;;
norsjohotell  ;;
norsk-almenningsforbund  ;;
norsk-bergverksmuseum  ;;
norsk-brannvern-forening  ;;
norsk-brukshundsport  ;;
norsk-dampselskap  ;;
norsk-dekorservice  ;;
norsk-dovemuseum  ;;
norsk-elsykkel  ;;
norsk-fartoyvern  ;;
norsk-fletteri  ;;
norsk-forsikringsmegling  ;;
norsk-jernbanemuseum  ;;
norsk-kjokkenfornying  ;;
norsk-klatring  ;;
norsk-klimasenter  ;;
norsk-koreansk  ;;
norsk-kunstglass  ;;
norsk-sentrumsfordel  ;;
norsk-sentrumsforum  ;;
norsk-sentrumsutvikling  ;;
norsk-skogbruk  ;;
norsk-slakt  ;;
norsk-solenergi  ;;
norsk-steinmiljo  ;;
norsk-turistutvikling  ;;
norsk-undulatklubb  ;;
norsk-vannskjaering  ;;
norsk-vegverk  ;;
norsk-villakssenter  ;;
norsk3dservice  ;;
norskaero  ;;
norskalpakkabutikk  ;;
norskanimasjon  ;;
norskantirustforening  ;;
norskbandysport  ;;
norskbarnesmerteforening  ;;
norskbatsenter  ;;
norskbedriftsmassasje  ;;
norskbergindustri  ;;
norskbibliotekforening  ;;
norskbildelkatalog  ;;
norskbirokt  ;;
norskbokforlag  ;;
norskboreteknikk  ;;
norskboxerklubb  ;;
norskbrannvern  ;;
norskbyggekontroll  ;;
norskdor  ;;
norske-bygdeopplevelser  ;;
norske-grafikere  ;;
norske-redningshunder  ;;
norske-vaskerier  ;;
norskeboker  ;;
norskebransjemagasinet  ;;
norskedansekunstnere  ;;
norskedruedyrkere  ;;
norskefjellhus  ;;
norskefjellhytter  ;;
norskeflyplasser  ;;
norskegrafikere  ;;
norskegrafikeresverksted  ;;
norskehus  ;;
norskekadaverhunder  ;;
norskekunstforeninger  ;;
norskekunsthandverkere  ;;
norskenaturopplevelser  ;;
norskenergi  ;;
norskeparker  ;;
norskergoy  ;;
norskesanserom  ;;
norskeselskab  ;;
norskeserier  ;;
norskeservicehunder  ;;
norskesportsjournalister  ;;
norsketennisveteraner  ;;
norsketomter  ;;
norskeutslipp  ;;
norskevalueringsforening  ;;
norskfisk  ;;
norskfiskeferie  ;;
norskfjellsprengning  ;;
norskfolkehjelp  ;;
norskfolkeligdans  ;;
norskfolkemuseum  ;;
norskforstehjelpsrad  ;;
norskfraktsenter  ;;
norskfrieserforbund  ;;
norskfriluftsliv  ;;
norskfrisorskole  ;;
norskfuktskadekontroll  ;;
norskgassnett  ;;
norskgastro  ;;
norskgrafiskmuseum  ;;
norskhavre  ;;
norskhermetikkmuseum  ;;
norskhjertestarterregister  ;;
norskhph  ;;
norskhundekonsult  ;;
norskhyttelag  ;;
norskicom  ;;
norskindustri  ;;
norskinteraktiv  ;;
norskinteriorskole  ;;
norskjazz  ;;
norskkalender2018  ;;
norskkraft  ;;
norskkulturrad  ;;
norsklaft  ;;
norsklandbruk  ;;
norsklektorlag  ;;
norsklimtre  ;;
norsklos  ;;
norskmaritimskole  ;;
norskmarsvinforening  ;;
norskmarsvinklubb  ;;
norskmaseratiklubb  ;;
norskmassivtre  ;;
norskmat  ;;
norskmaxiklubb  ;;
norskmedia  ;;
norskmegling  ;;
norskmusikforlag  ;;
norskmusikkskole  ;;
norsknamnelag  ;;
norskoffroadteknikk  ;;
norskopplevelseskonferanse  ;;
norskpetroleum  ;;
norskpilotforbund  ;;
norskpinscherklubb  ;;
norskprol  ;;
norskprotein  ;;
norskpsykiatriskforening  ;;
norskradio-tv-museum  ;;
norskregnskap  ;;
norskrikspodkasting  ;;
norskrockforbund  ;;
norsksalmebok  ;;
norsksand-og-steinservice  ;;
norskseddel  ;;
norsksexguide  ;DREAM ENTERTAINMENT AS;985736014
norsksimmental  ;;
norskslakt  ;;
norsksmerteforening  ;;
norskstaal  ;;
norskstorhusholdning  ;;
norskstorkjokken  ;;
norskstrikkeforbund  ;;
norskstyrebase  ;;
norsktest  ;;
norsktilhengersenter  ;;
norsktinn  ;;
norsktitanium  ;;
norsktrafikksikring  ;;
norsktriumphklubb  ;;
norsktur  ;;
norskurkorn  ;;
norskvann  ;;
norskvarmblod  ;;
norskvektertjeneste  ;;
norskveteranvognklubb  ;;
norskviking  ;;
norskvinduskompani  ;;
norskvt  ;;
norslep  ;;
norsol  ;;
norsonic  ;;
norstage  ;;
norsteve  ;;
norstore  ;;
norsulp  ;;
norsuncorp  ;;
norsup  ;;
norsvin  ;;
norswed-shop  ;;
norswiss  ;;
nortea  ;;
nortech  ;;
oris-harstad  ;;
oris-hinnapark  ;;
oris-madla  ;;
oris-narvik  ;;
oris-orkanger  ;;
oris-stavanger  ;;
oris-stavangersentrum  ;;
oris-trondheim  ;;
orisdental  ;;
orjas  ;;
orkana  ;;
orkanger-vel  ;;
orkangervel  ;;
orkdal-historielag  ;;
orkdal-trafikkskole  ;;
orkdalenergi  ;;
orkdalsbanken  ;;
orkdalsmenighetene  ;;
orkelbogen  ;;
orkester  ;;
orkide  ;;
orkideportalen  ;;
orkladalysteri  ;;
orklafjellsport  ;;
orklagrafiske  ;;
orklahealth  ;;
orklareiser  ;;
orklastal  ;;
orlaco  ;;
orland-sparebank  ;;
orlandkultursenter  ;;
ormnn  ;;
ormoy  ;;
ormoyatennis  ;;
ormsund  ;;
orn-horten  ;;
ornvika  ;;
orregartneri  ;;
orreil  ;;
orskogsparebank  ;;
orstakino  ;;
orstaskisenter  ;;
orthoapnea  ;;
ortopediteknikk  ;;
ortopro  ;;
ortoptist  ;;
oru  ;;
osa-gaard  ;;
osa-sporveien  ;;
osaeroklubb  ;;
osb  ;;
osbaathotell  ;;
osbadet  ;;
osbuss  ;;
osc  ;;
oscarbrygga  ;;
oscarsborg  ;;
oscarsborgfestning  ;;
oscarsborggjestehavn  ;;
oscarsborgmuseum  ;;
oscdg  ;;
osdykkerklubb  ;;
oseana  ;;
osebergkulturhus  ;;
osebergmiljo  ;;
osebergsolutions  ;;
osebergvenner  ;;
osebergvikingarv  ;;
oselektro  ;;
oselvarlaget  ;;
osenfjellstyre  ;;
oset  ;;
osf  ;;
osfysioterapi  ;;
osid  ;;
osigraf  ;;
osil  ;;
oskai  ;;
oskar  ;;
oskar-nygaard  ;;
oskarsylte  ;;
oskommune  ;;
osland  ;;
akupunktur.oslo  ;;
anker.oslo  ;;
cas.oslo  ;;
cicero.oslo  ;;
illustrasjon.oslo  ;;
kuben.oslo  ;;
ohv.oslo  ;;
pol.oslo  ;;
pph.oslo  ;;
oslo-brannsikring  ;;
oslo-bysteinerskole  ;;
oslo-elsykkel  ;;
oslo-fergene  ;;
oslo-kosmetiske-lasersenter  ;;
oslo-kystskipperskole  ;;
oslo-musikk  ;;
recover  ;;
recovernordic  ;;
recoveryverksteder  ;;
recrea  ;;
recreo  ;;
recruitmentmanager  ;;
redbike  ;;
redcord  ;;
redcordshop  ;;
redcross  ;;
redd-liv  ;;
reddet  ;;
reddi  ;;
rederi  ;;
rederiethotell  ;;
rederiforeningen  ;;
redgroup  ;;
redhot  ;;
redknightsmc  ;;
redlightstudio  ;;
redmedia  ;;
rednblue  ;;
redningsverket  ;;
redskapsboden  ;;
redsun  ;;
redus  ;;
redwhite  ;;
reed-camping  ;;
reeftech  ;;
reeltime  ;;
reeminerals  ;;
refabrygge  ;;
refleksolog-annette  ;;
refleksprofil  ;;
reflid  ;;
reform  ;;
refsnesgods  ;;
refvikbygda  ;;
regal  ;;
regaliseiendom  ;;
regelhjelp  ;;
regelradet  ;;
reginedagan  ;;
regionaleforskningsfond  ;;
regionkontorlandbruk  ;;
regionkristiansand  ;;
regionraadet  ;;
regionradetvest  ;;
registerkonferansen  ;;
reglo  ;;
regnbueforlaget  ;;
regnbuen  ;;
regncon  ;;
regnmakerne  ;;
regnskapnorge  ;;
regnskapshjelp  ;;
regnskapskontoret  ;;
regnskapspartner  ;;
regnskog  ;;
regnstore  ;;
regobs  ;;
regolf  ;;
regplan  ;;
rehab  ;;
rehabilitering  ;;
rehabinfo  ;;
rehaboteket  ;;
rehabshop  ;;
reiakvam  ;;
reibo  ;;
reidaras  ;;
reidarolsen  ;;
reidarstrafikkskole  ;;
reidunsrenhold  ;;
reierstadridehest  ;;
reigstadbygg  ;;
reiki-healing  ;;
reikiheltenkelt  ;;
reindyrka  ;;
reineord  ;;
reinerorbuer  ;;
reinhaldsverket  ;;
reinhartsen  ;;
reinhekla  ;;
reinli  ;;
reinlove  ;;
reinportalen  ;;
reintag  ;;
reintlogisk  ;;
reinttre  ;;
reis-stord  ;;
reisa-bilsenter  ;;
reisavekst  ;;
reise-lyst  ;;
reisebazaar  ;;
reisecompaniet  ;;
reiseeffekter  ;;
reiseexpert  ;;
reisefeber  ;;
reisegarantifondet  ;;
reisegiganten  ;;
reisegnister  ;;
reiseguru  ;;
reiseland  ;;
reiseleder  ;;
reiseliv  ;;
reiselyst  ;;
reisenterapeut  ;;
reiserogferie  ;;
reiseshop  ;;
reisevaksiner  ;;
reisevarehuset  ;;
reitenco  ;;
rejlers  ;;
rekdal-transport  ;;
rekedal  ;;
rekkedalgjestehus  ;;
rekkverkbutikken  ;;
reklame-huset  ;;
reklamefabrikken  ;;
reklamehuset  ;;
reknes  ;;
reknesbyggjevarer  ;;
rekon  ;;
rekord-system  ;;
rekordbar  ;;
rekron  ;;
rekrutteringas  ;;
rekrutteringsdagen  ;;
rekrutteringshusetmork  ;;
reksta  ;;
rekve-pleym  ;;
rekvisitt  ;;
rela  ;;
relasjonsledelse  ;;
relasjonsledelse-norge  ;;
rele  ;;
release-dance  ;;
relekta  ;;
progressing  ;;
project-survey  ;;
projectinvest  ;;
projectplace  ;;
projects-abroad  ;;
proklamedia  ;;
prolar  ;;
proline  ;;
prolog  ;;
prolong  ;;
prolyd  ;;
prolys  ;;
promarc  ;;
promek  ;;
promenadenmanagement  ;;
promis  ;;
promis-qualify  ;;
promolde  ;;
promotornord  ;;
promount  ;;
promsys  ;;
pronav  ;;
pronord  ;;
propanspesialisten  ;;
propc  ;;
proplan  ;;
proplanbygg  ;;
propr  ;;
propuro  ;;
prosa  ;;
proscen  ;;
proseccheria  ;;
prosenteret  ;;
prosentret  ;;
prosesshuset  ;;
prosesslederstudiet  ;;
prosessmetall  ;;
prosesspilotene  ;;
prosessutvikling  ;;
prosite  ;;
prosjekt-partner  ;;
prosjektcompaniet  ;;
prosjektfilippinene  ;;
prosjektgulv  ;;
prosjektil  ;;
prosjektinuit  ;;
prosjektledelse  ;;
prosjektnorge  ;;
prosjektstyring  ;;
prosjektsunnfjord  ;;
prospektvideo  ;;
prostaal  ;;
prostatakreft  ;;
prostyling  ;;
protan  ;;
protantak  ;;
protechnorge  ;;
protecta  ;;
protectglobal  ;;
protective  ;;
protector  ;;
proteket  ;;
protektit  ;;
proteria  ;;
protest  ;;
protestfestivalen  ;;
protex  ;;
protid  ;;
prototech  ;;
protruck  ;;
protu  ;;
proutstyr  ;;
provakt  ;;
proven  ;;
proven-bil  ;;
provence  ;;
provenceviner  ;;
provendo  ;;
provenia  ;;
proventure  ;;
proventus  ;;
provexin  ;;
provgolf  ;;
proviso  ;;
provista  ;;
provit  ;;
proysen  ;;
prozo  ;;
prozoshop  ;;
prprat  ;;
prugl  ;;
prydogbrukskunst  ;;
ps  ;;
ps-selskapsutleie  ;;
psa  ;;
psanlegg  ;;
pshotell  ;;
psk-sjakk  ;;
psoriasis  ;;
pss-securitas  ;;
psso  ;;
pst  ;;
psu  ;;
psychaid  ;;
psykia  ;;
psykiatrisklegevakt  ;;
psykiatriveka  ;;
psykmagasinet  ;;
psykoanalyse  ;;
psykologbehandling  ;;
psykologblogg  ;;
psykologfeith  ;;
psykologiogpsykiskelidelser  ;;
psykologistudenterutengrenser  ;;
psykologkonsult  ;;
psykologkontakt  ;;
psykologpraksis  ;;
psykologspesialist  ;;
psykologteamet  ;;
psykomatikk  ;;
psykopat  ;;
psykopp  ;;
psykoterapeuten  ;;
psyktestbarn  ;;
psynett  ;;
ptheidi  ;;
ptmnorway  ;;
ptnn  ;;
ptno  ;;
pu  ;;
publicartscreens  ;;
publicom  ;;
publicomforlag  ;;
publicomscene  ;;
publiko  ;;
publiners  ;;
puffinsafari  ;;
puk  ;;
pulkbutikken  ;;
pulpitrock  ;;
puls  ;;
puls-norge  ;;
pulsapotek  ;;
pulsforde  ;;
pulskonferansen  ;;
pulskongsvinger  ;;
pulsoasen  ;;
pulssenteret  ;;
pulstrening  ;;
pumn  ;;
pumpe-service  ;;
pumper  ;;
pumpsandpipes  ;;
pumpsupply  ;;
pumptech  ;;
punkto  ;;
purdesign  ;;
pure-sport  ;;
purecontent  ;;
purecsr  ;;
puredetox  ;;
purehotels  ;;
purelash  ;;
purenkel  ;;
pureskin  ;;
purina  ;;
purity  ;;
purnorsk  ;;
puroyoga  ;;
purplast  ;;
pushak  ;;
pushwagner  ;;
pusterommene  ;;
pusteteknikk  ;;
pute  ;;
putsj  ;;
puttenseter  ;;
puzzlefilm  ;;
puzzlelearning  ;;
pv  ;;
pvarkitekter  ;;
pvas  ;;
pvf  ;;
pvp  ;;
pwt  ;;
pxo  ;;
pyk  ;;
pyntebarn  ;;
pynttilfest  ;;
pyramidene  ;;
pyramidensenter  ;;
pyrocontrol  ;;
pyroteknikk  ;;
q-brands  ;;
q42  ;;
q43  ;;
qbg  ;;
qbx  ;;
qenergi  ;;
qes  ;;
qgis  ;;
qicraft  ;;
qigong  ;;
qiksh  ;;
qlab  ;;
qross  ;;
qsecurity  ;;
qtmedia  ;;
quack  ;;
quali  ;;
qualisoft  ;;
qualitronic  ;;
quality-broker  ;;
quality-care  ;;
quartcup  ;;
settgrenser  ;;
settogskutt  ;;
seutmaritime  ;;
sevaldsen  ;;
seven-eleven  ;;
sevenracing  ;;
sevenseas  ;;
sevlandbil  ;;
autoforum.sf  ;;
sfc  ;;
sfimanufacturing  ;;
sfit  ;;
sfkids  ;;
sfkm  ;;
sfl  ;;
sfnr  ;;
sfo-idrettsakademi  ;;
sfs  ;;
sftur  ;;
sgchoir  ;;
sgf  ;;
sgfjellsikring  ;;
sggn  ;;
sgi-nor  ;;
sglive  ;;
sgospel  ;;
sgp  ;;
sgrailing  ;;
sgsang  ;;
sh-bilteknikk  ;;
shaas  ;;
shadesofnorway  ;;
shadowland  ;;
shai  ;;
shaibox  ;;
shakespeare  ;;
shakespearetidsskrift  ;;
shaktimatten  ;;
shalam  ;;
shanghaiwok  ;;
shangri-la  ;;
shantibu  ;;
shape  ;;
shape4life  ;;
shapecrafter  ;;
sharecontrol  ;;
sharkspeed  ;;
sharp-bergen  ;;
shb  ;;
shbf  ;;
shbil  ;;
shell-espa  ;;
shell-lasses  ;;
shelternorway  ;;
shengzhen  ;;
sheriff  ;;
sherpaconsulting  ;;
sherpamarketing  ;;
shhk  ;;
shiatsu  ;;
shineshop  ;;
shiodata  ;;
shipalong  ;;
shipbroker  ;;
shipnet  ;;
shippingoffshorenetwork  ;;
shipsurvey  ;;
shiptonorway  ;;
shipwreckords  ;;
shk  ;;
shmsolutions  ;;
shoebar  ;;
shoecare  ;;
shop123  ;;
shopacross  ;;
shoppingfri  ;;
shortcutnorge  ;;
shortcutoslo  ;;
shotokan-karate  ;;
show-teknikk  ;;
showbiz  ;;
showbox  ;;
showdress  ;;
showfabrikken  ;;
showlab  ;;
showoff  ;;
shpn  ;;
shrevisjon  ;;
shuffleboard  ;;
sia  ;;
siamratree  ;;
siap  ;;
sibe  ;;
sibelia  ;;
sibest  ;;
sibi  ;;
sic  ;;
sicamp  ;;
sicodata  ;;
sicra  ;;
sics  ;;
siddislopet  ;;
siddisradio  ;;
sidebrok  ;;
sideshore  ;;
sidsel  ;;
sidselhoivik  ;;
siennatrend  ;;
sif-fotball  ;;
sifer  ;;
sifo  ;;
sig  ;;
sig-halvorsen  ;;
sigdalkirke  ;;
sigdalungdomsskole  ;;
sigerstad  ;;
sigma-ikt  ;;
sigma2  ;;
sigmamotor  ;;
sigmanord  ;;
sigmarevisjon  ;;
sign-on  ;;
signalen  ;;
signaler  ;;
signalsko  ;;
signant  ;;
signaturhytten  ;;
signaturklinikken  ;;
signaturreise  ;;
signere  ;;
signode  ;;
signogprint  ;;
signon  ;;
signprint  ;;
signtext  ;;
sigra  ;;
sigri  ;;
sigship  ;;
sigssoftmedia  ;;
sigum  ;;
sigumfagerberg  ;;
sigurd-hoel  ;;
sigurd-opheim  ;;
sigurd-seland  ;;
sigurdsondrestrepleie  ;;
siif  ;;
sijtijarnge  ;;
sika  ;;
sikirken  ;;
sikkerheten-selv  ;;
sikkerhetinnlandet  ;;
sikkerhetsagentur  ;;
sikkerhetsledelse  ;;
sikkerhverdag  ;;
sikkersletting  ;;
siklas  ;;
sikom  ;;
siktreklame  ;;
sildpollnes-sjocamp  ;;
silentwings  ;;
silicol  ;;
siljander  ;;
siljanhjort  ;;
siljanil  ;;
siljeholte  ;;
siljesirneswinje  ;;
siljesyr  ;;
siljustol  ;;
siljustolmuseum  ;;
silkebaekken  ;;
silkehud  ;;
silkehudogvelvaere  ;;
silmar  ;;
silseth-sten  ;;
silsethytta  ;;
silsetrenna  ;;
silvametoden  ;;
silversea  ;;
silvershop  ;;
silvertree  ;;
silvinova  ;;
sima24  ;;
simbatoys  ;;
simcare  ;;
simco  ;;
simdax  ;;
simekas  ;;
simenstadgard  ;;
simevolution  ;;
simonpedersen  ;;
simonsays  ;;
simoptima  ;;
simpleas  ;;
simpleness  ;;
simsea  ;;
simuflying  ;;
sinclairmurogbygg  ;;
sinding  ;;
sindremollerhaug  ;;
sinfo  ;;
sinneshytta  ;;
sinoceanic  ;;
sinsen-ungdomskorps  ;;
sinsendyreklinikk  ;;
sinsenveien1418  ;;
sintefmolab  ;;
sinus-as  ;;
sinus-elektro  ;;
sinusas  ;;
sinusdata  ;;
sinusmagasinet  ;;
sionbarn  ;;
sioningedal  ;;
sionmolde  ;;
sioo  ;;
siops  ;;
siorbaja  ;;
sir-winston  ;;
sirakvina  ;;
sirdal-bryne  ;;
sirdal-skimaraton  ;;
sirdalfjellgolf  ;;
sirenes  ;;
sirevaagmekaniske  ;;
siriberntsen  ;;
siribrodersen  ;;
siriness  ;;
siriouscoaching  ;;
sirispillum  ;;
sirivil  ;;
sirkulus  ;;
sirnes  ;;
sisan  ;;
sisbok  ;;
siso  ;;
sisoenergi  ;;
sisomar  ;;
sisselgrana  ;;
sissellarsen  ;;
sisselshud  ;;
sissener  ;;
sistedagershellige  ;;
sistesang  ;;
sisteskrik  ;;
sisu  ;;
sisudesign  ;;
sitert  ;;
siteservice  ;;
sitoscana  ;;
sitski  ;;
siv  ;;
siva  ;;
sivatromso  ;;
sivertgarden  ;;
sivesind  ;;
sivgamnes  ;;
sivilforsvaret  ;;
sivilrett  ;;
sivilsamfunn  ;;
sivolda  ;;
siwi  ;;
sixbondstreet  ;;
sixsides  ;;
sj5  ;;
sjakk  ;;
sjakkbrett  ;;
sjakkhuset  ;;
sjakkmani  ;;
sjakkmatt  ;;
sjakknet  ;;
sjakknm2018  ;;
sjakkselskapet  ;;
sjakkspalta  ;;
sjakkspesialisten  ;;
sjamanforbundet  ;;
sjauer  ;;
sjavag  ;;
sjbetong  ;;
sjdrammen  ;;
sjekkpunkt  ;;
sjelden  ;;
sjelesorg  ;;
sjemmedal  ;;
sjemmedalhytta  ;;
sjoarafting  ;;
sjobergbat  ;;
sjobergferie  ;;
sjoblom  ;;
sjoboden-bergen  ;;
sjoekurs  ;;
sjoentreprenoren  ;;
sjofartsbygningen  ;;
sjofartsfilm  ;;
sjofraktsor  ;;
sjofritid  ;;
sjoglott  ;;
sjohaug  ;;
sjokart  ;;
sjokkpris  ;;
sjoko  ;;
sjokoladesmaking  ;;
sjokorpset  ;;
sjokoservice  ;;
sjolingstad  ;;
sjolystregnskap  ;;
sjomannsforbundet  ;;
sjomat  ;;
sjomat-sorlandet  ;;
sjomatnorge  ;;
sjooff  ;;
sjoparken  ;;
sjoredningsskolen  ;;
sjorr  ;;
sjosanden-feriesenter  ;;
sjotunet  ;;
sjovett  ;;
sjovik  ;;
sjr  ;;
sjt-miljo  ;;
sjukehusapoteka-vest  ;;
sjukehusbygg  ;;
sjumilskogen  ;;
sjurhjeltnes  ;;
sjusjoenvel  ;;
sjusjoenvelforening  ;;
sjusjotunet  ;;
sk-speed  ;;
skaal  ;;
skaansar  ;;
skaara  ;;
skaara-stenindustri  ;;
skaarer  ;;
skaarermenighet  ;;
skaaret  ;;
skaaretfjellgaard  ;;
skaatfjellet  ;;
skaathunbilverksted  ;;
skabu-hyttegrend  ;;
skabuhus  ;;
skabutunet  ;;
skadeadvokaten  ;;
skadeberegning  ;;
skadedyr  ;;
skadedyrservice  ;;
skadeverksted-oslo  ;;
skaff  ;;
skafferiet  ;;
skagahogdi  ;;
skageike  ;;
skagemaskiner  ;;
skagen-hotel  ;;
skagentrafikkskole  ;;
skagerak-trepleie  ;;
skagerakmaturo  ;;
skageraknaturgass  ;;
skageraknett  ;;
skageraknytt  ;;
skageraktral  ;;
skalamaskon  ;;
skalar  ;;
skald  ;;
skalldyrkniven  ;;
skalleroed  ;;
skan-kontroll  ;;
skan-tre  ;;
skanbatt  ;;
skanda  ;;
skandinaviskpersonell  ;;
skanits  ;;
skanlandvekst  ;;
skansbo  ;;
skansencatering  ;;
skansenlydstudio  ;;
skansespillet  ;;
skantraf  ;;
skaparglede  ;;
skaper  ;;
skapetillit  ;;
skapnett  ;;
skare  ;;
skaretmarina  ;;
skarhus  ;;
skarindustri  ;;
skarpsnobaatforening  ;;
skarr  ;;
skarsbakk  ;;
skarslia  ;;
skarsmoen  ;;
skarsnutenhotel  ;;
skarsnutenhotell  ;;
skarstadgartneri  ;;
skarverennet  ;;
skarvhytta  ;;
skarvik  ;;
skaslien  ;;
skatebard  ;;
skateboarder  ;;
skatecamp  ;;
skatecoppland  ;;
skateparker  ;;
skatesite  ;;
skatoyfestivalen  ;;
skatoykafe  ;;
skatt-og-regnskap  ;;
skattefunn  ;;
skattekisten  ;;
skattelister  ;;
skattreg  ;;
skatush  ;;
skatval  ;;
skatvalsrevyen  ;;
skauengard  ;;
skauenskole  ;;
skaug  ;;
skauge  ;;
skb  ;;
skbygg  ;;
skdjerv  ;;
skechers  ;;
skedsmo-husflidslag  ;;
skedsmo-janitsjar  ;;
skedsmo-parkering  ;;
skedsmodyreklinikk  ;;
skedsmofk  ;;
skedsmoskolekorps  ;;
skeiappartement  ;;
skeidkro  ;;
skeie-tre  ;;
skeiebygg  ;;
skeiegroup  ;;
skeiendom  ;;
skeigolf  ;;
skeihotel  ;;
skeikampen  ;;
skeikampen-hytter  ;;
skeikampeneiendom  ;;
skeistua  ;;
skeiveski  ;;
skeivtarkiv  ;;
skeivungdom  ;;
skevigs  ;;
skflytte  ;;
skfr  ;;
skgemballasje  ;;
skh-b  ;;
skiaktiv  ;;
skibladner  ;;
skiboksutleie  ;;
skibsgaarden  ;;
skibsogfiskeriutstyr  ;;
skibsplast  ;;
skibygg  ;;
skiclub  ;;
skiel  ;;
skien-motorsenter  ;;
skienbibliotek  ;;
skienby  ;;
skienfritidspark  ;;
skienhistorielag  ;;
skienkirke  ;;
skiennanbudo  ;;
skiennf  ;;
skienok  ;;
skienror  ;;
skienskunstforening  ;;
skiensvassdraget  ;;
skiferlegging  ;;
skift  ;;
skifte  ;;
skiftkalender  ;;
skigaarden  ;;
skigk  ;;
skigo  ;;
skiguard  ;;
skihallen  ;;
skihandball  ;;
skihopp  ;;
skihudogfotklinikk  ;;
skiinfo  ;;
skikiropraktor  ;;
skikkeligrorlegger  ;;
skiklubben  ;;
skikonsulentbyra  ;;
skikursmobil  ;;
skilinja  ;;
skill  ;;
skillevollen  ;;
skilopet  ;;
skiltdisplay  ;;
skiltgravering  ;;
skiltmakerhaugen  ;;
skiltspesialisten  ;;
skinannestad  ;;
skinke  ;;
skinlove  ;;
skinmedical  ;;
skinmedicalclinic  ;;
skinnarbu  ;;
skinnassistanse  ;;
skinnfell  ;;
skinnjakker  ;;
skintech  ;;
skinthal  ;;
skinvest  ;;
skioo  ;;
skipavika  ;;
skipet  ;;
skipnesmek  ;;
skippertunet  ;;
skipsbrukt  ;;
skipshistorisk  ;;
skipsmagasinet  ;;
skipsrevyen  ;;
skipsteknisk  ;;
skipstunnel  ;;
skiptvet-rittet  ;;
skipuben  ;;
skirigard  ;;
skiskyting  ;;
skisma  ;;
skistorsenter  ;;
skistua  ;;
skistuahemsedal  ;;
skittentind  ;;
skiven  ;;
skjaakhytteservice  ;;
skjaeraasen  ;;
skjaerhaldenbygg  ;;
skjak-trelast  ;;
skjalg  ;;
skjebergauto  ;;
skjebergblikk  ;;
skjeberggk  ;;
skjebergkilensmarina  ;;
skjebergrittet  ;;
skjegg  ;;
skjegstad  ;;
skjelfoss-korn  ;;
skjeloyslipp  ;;
skjelstadlaft  ;;
skjenkekontrollen  ;;
skjennungstua  ;;
skjermfri  ;;
skjervengard  ;;
skjerviken  ;;
skjervoymenighet  ;;
skjettenfotball  ;;
skjettenfysioterapi  ;;
skjeveland  ;;
skjolden-resort  ;;
skjoldkorps  ;;
skjomencamping  ;;
skjorstad  ;;
skjortarennet  ;;
skjult  ;;
skl  ;;
skmaling  ;;
skobox  ;;
skoddestudio  ;;
skodjefotoklubb  ;;
skodjeil  ;;
skodvinskule  ;;
skoforlaget  ;;
skog  ;;
skogerdyrehotell  ;;
skogfinskmuseum  ;;
skogforsk  ;;
skogfroverket  ;;
skoghage  ;;
skogheim-as  ;;
skogkanten-barnehage  ;;
skogkurs  ;;
skoglekene  ;;
skogli  ;;
skogmanagement  ;;
skogmobruk  ;;
skogmogjestgiveri  ;;
skogmus  ;;
skogmuseet  ;;
skognfhs  ;;
skognflyplass  ;;
skognissen  ;;
skognmbhg  ;;
skogro  ;;
skogshorn-rideleir  ;;
skogsletta  ;;
skogsmaskiner  ;;
skogsnorge  ;;
skogsredskaper  ;;
skogstadhotell  ;;
skogstadmedia  ;;
skogsvei  ;;
skogteknikk  ;;
skogtiltaksfondet  ;;
skogvang  ;;
skoies  ;;
skok  ;;
skoklefald  ;;
skole-barnehage  ;;
skoleadresser  ;;
skoleaviser  ;;
skolebibliotek  ;;
skolefrukt  ;;
skolefruktsys  ;;
skolehjelp  ;;
skoleideer  ;;
skoleipraksis  ;;
skolejobb  ;;
skolekassa  ;;
skolelab  ;;
skoleledelse  ;;
skolelederforbundet  ;;
skolematensvenner  ;;
skolemeny  ;;
skolen  ;;
skoleneslandsforbund  ;;
skolesekken-rogaland  ;;
skolesekker  ;;
skolesjakken  ;;
skoleskyss  ;;
skolesyk  ;;
skoletavla  ;;
skoleverket  ;;
skolexpress  ;;
skolmarjord  ;;
skomsoy  ;;
skomvar  ;;
skorn-handverkeri  ;;
skorovasmat  ;;
skorovasogomegn  ;;
skorstadbygg  ;;
skorsteinspesialistenas  ;;
skosenteret  ;;
skotthyll  ;;
skotvedt  ;;
skovingulv  ;;
skovstuenpil  ;;
skoyenbilpleie  ;;
skoyenosteopati  ;;
skoyteforbundet  ;;
skoytemuseet  ;;
skprodukter  ;;
skramstad  ;;
skrap  ;;
skredkonferansen  ;;
skrednett  ;;
skreppa  ;;
skrimbilpleie  ;;
skrimkongsberg  ;;
skrivekunst  ;;
skrivereiser  ;;
skriving  ;;
skrotnissen  ;;
skrova  ;;
skrovafyr  ;;
skruk  ;;
skrukork  ;;
skrythals  ;;
sks  ;;
skua  ;;
skuda  ;;
skudenes  ;;
skudeneshavnarena  ;;
skudeviga  ;;
skuesparebank  ;;
skuespillerforbund  ;;
skuggevik  ;;
skulberg  ;;
skulesekken  ;;
skullerudconsulting  ;;
skullerudflyttebyraa  ;;
skullerudpark  ;;
skullerudsportsenter  ;;
skullerudstua  ;;
skulptur  ;;
skulpturlandskap  ;;
skumfrisor  ;;
skumplastsenteret  ;;
skup  ;;
skur2  ;;
skur33  ;;
skuteregisteret  ;;
skutevikenpersonell  ;;
skydda  ;;
skydivevoss  ;;
skydsstation  ;;
skylinegtr  ;;
skyskraper  ;;
skyssbaat  ;;
skyssbat  ;;
skytec  ;;
skyttelvev  ;;
skytterpropper  ;;
skyttertidende  ;;
skyvoss  ;;
skywalk  ;;
slaattaskisenter  ;;
slaatto  ;;
slaattoy  ;;
slag  ;;
slaktehus  ;;
slaktereide  ;;
slakterfrivold  ;;
slakthuset  ;;
slang  ;;
slanketanker  ;;
slash-and-burn  ;;
slastad-il  ;;
slatboard  ;;
slatlem  ;;
slattland  ;;
slbygg  ;;
sledehund  ;;
sleepwell  ;;
slekt  ;;
slektningene  ;;
slektsgarden  ;;
slektslinker  ;;
slemdal-tann  ;;
slemmestad2020  ;;
slepet  ;;
slettebo  ;;
sletteboe  ;;
sletten-fargehandel  ;;
slettengrafisk  ;;
slettenleker  ;;
slettevold  ;;
slettumbil  ;;
slevikkilenbaatbyggeri  ;;
slf  ;;
slide  ;;
sliders  ;;
slidre-bygg  ;;
slidrebanken  ;;
slikerdet  ;;
slikhaarshop  ;;
slikkepott  ;;
slikogderfor  ;;
slipen  ;;
sliperiet  ;;
slipex  ;;
slk  ;;
slm-revisjon  ;;
slokkeanlegg  ;;
slop  ;;
slopetrotter  ;;
sloracamp  ;;
slottsfjellsmuseet  ;;
slottsgulv  ;;
slottsparkentannklinikk  ;;
slovakia  ;;
sloyd-detaljer  ;;
slproduksjon  ;;
sluttvederlag  ;;
slv  ;;
slxdrift  ;;
smaalenene-kk  ;;
smaating  ;;
smaaungene  ;;
smaavesen  ;;
smabrukarlaget  ;;
smabruket  ;;
smadyrakutten  ;;
smadyrsykehuset  ;;
smak  ;;
smakavitalia  ;;
smakenavhalden  ;;
smakfest  ;;
smakogbehag  ;;
smakraftforeninga  ;;
smaksverkstedet  ;;
smalde  ;;
smallstruct  ;;
smarina  ;;
smart-laundry  ;;
smart-media  ;;
smart-web  ;;
smartasfalt  ;;
smartbetaler  ;;
smartboard  ;;
smartbuilding  ;;
smartcom  ;;
smartconnection  ;;
smartday  ;;
smartegadgets  ;;
smartehytter  ;;
smartelektro  ;;
smartenergihvaler  ;;
smartevarer  ;;
smartfarm  ;;
smartfish  ;;
smartflis  ;;
smartflis-haugaland  ;;
smartfloor  ;;
smartgrids  ;;
smartgridservices  ;;
smarthub  ;;
smartify  ;;
smartinterior  ;;
smartis  ;;
smartkarriere  ;;
smartkom  ;;
smartkommune  ;;
smartlager  ;;
smartlapper  ;;
smartliv  ;;
smartmarine  ;;
smartmaritime  ;;
smartmatraskebein  ;;
smartmedia  ;;
smartms  ;;
smartpanel  ;;
smartparkflesland  ;;
smartpatrol  ;;
smartphoto  ;;
smartproduct  ;;
smartprodukter  ;;
smartreiser  ;;
smartretur  ;;
smartsekk  ;;
smartservicenorge  ;;
smartskole  ;;
smartsunwear  ;;
smarttelt  ;;
smarttrafikk  ;;
smartvarsling  ;;
smaskatter  ;;
smbantikviteter  ;;
smbf  ;;
smbjorklund  ;;
smco  ;;
smebys  ;;
smedbo  ;;
smedhagenpark  ;;
smedsmo  ;;
smedstuen  ;;
smedsvig-landskap  ;;
smedvig  ;;
smellkaramell  ;;
smerteterapeuten  ;;
smestadhovedgaard  ;;
smf-as  ;;
smg-iks  ;;
smga  ;;
smh  ;;
smiaflerbrukshus  ;;
smiagalleri  ;;
smias  ;;
smiberget  ;;
smidig  ;;
smidigkurs  ;;
smiehavna  ;;
smietorget  ;;
smihuset  ;;
smiil  ;;
smijernsbua  ;;
smijernsbutikken  ;;
smilden  ;;
smilegris  ;;
smileull  ;;
smilia-tannklinikk  ;;
smilokka  ;;
smiltannlegesenter  ;;
smimek  ;;
sminkekoster  ;;
smis  ;;
smiso  ;;
smiso-hordaland  ;;
smiso-oppland  ;;
smiso-rogaland  ;;
smisoelverum  ;;
smith  ;;
smittesjekk  ;;
smittevernlegene  ;;
smllighting  ;;
smoi  ;;
smolagolfklubb  ;;
smolavinduet  ;;
smootown  ;;
smorbrodsentralen  ;;
smorhamn  ;;
sms-as  ;;
sms1835  ;;
smsc  ;;
smsgruppesender  ;;
smtl  ;;
smudis  ;;
smudzoo  ;;
smug  ;;
smvas  ;;
smvhydraulic  ;;
smykkebodil  ;;
smykkesenteret  ;;
smykkeverkstedet  ;;
smyr  ;;
smyrilline  ;;
snadderkiosken  ;;
snakkepakken  ;;
snakkomfilm  ;;
snakkommobbing  ;;
snap-pack  ;;
snapdrive  ;;
snaroen  ;;
snaroya-menighet  ;;
snaroyatennis  ;;
snartpappa  ;;
snarveien-film  ;;
snasamontessori  ;;
snasen  ;;
snasningen  ;;
sne  ;;
sneeiendom  ;;
snefridshus  ;;
snefugl  ;;
snekkerbua  ;;
snekkerfabrikken  ;;
snekkern-hamar  ;;
snekkern-royken  ;;
snekkerntrondheim  ;;
snelandia  ;;
snertingdal-auto  ;;
sniffit  ;;
snilsberg  ;;
snipe  ;;
snippen  ;;
snk  ;;
snnstiftelsene  ;;
snoball  ;;
snogg  ;;
snohetta  ;;
snolys  ;;
snooker  ;;
snorlaus  ;;
snorredata  ;;
snoscooterloyper  ;;
snoscooterservice  ;;
snowboardforbundet  ;;
snowboat  ;;
snowmotion  ;;
snowsports  ;;
snowstock  ;;
snseafood  ;;
snsk  ;;
snuppelus  ;;
snurrehus  ;;
snuta  ;;
so-hf  ;;
so-la  ;;
so-ro  ;;
sobbl  ;;
soby  ;;
socialgrab  ;;
socialmediadays  ;;
socialresearch  ;;
soco  ;;
sodai  ;;
sodalarkitekter  ;;
sodastream  ;;
sodorptunet  ;;
soedahl  ;;
soeiendom  ;;
soelveggen  ;;
soeya  ;;
sofahuset  ;;
sofamusic  ;;
sofatrykk  ;;
sofiemyrbil  ;;
sofiesbrudesalong  ;;
sofiesvilla  ;;
soft-baseball  ;;
softarch  ;;
softcraft  ;;
softis  ;;
softone  ;;
softstate  ;;
softwareconsult  ;;
sogb  ;;
sogd  ;;
sogelaget  ;;
sogndalstrand-kulturhotell  ;;
sogne-skiklubb  ;;
sognebibliotek  ;;
sognefjellet  ;;
sognefjord  ;;
sognefjordenkystpark  ;;
sognefjordgjestehotell  ;;
sogneguiden  ;;
sognehome  ;;
sognekraft  ;;
sognemenighet  ;;
sognetrial  ;;
sognhagekoloni  ;;
sognlms  ;;
sognnes  ;;
sognogfjordaneringen  ;;
sognsvannrundtmedsols  ;;
sogntannhelsesenter  ;;
sogntransportsentral  ;;
sogp  ;;
sohome  ;;
sohu-plakater  ;;
sohu-wallstickers  ;;
soiltech  ;;
soisaam  ;;
soknaelektro  ;;
sokndalfolkebibliotek  ;;
soknedal-sparebank  ;;
sol-huset  ;;
sol-krem  ;;
sol-lesing  ;;
sola-auto  ;;
sola-hk  ;;
sola-shipping  ;;
sola-strandhotel  ;;
solaat  ;;
solabobil  ;;
solacykleklubb  ;;
solahistorielag  ;;
solar  ;;
solarieforeningen  ;;
solarlux  ;;
solarsoft  ;;
solarts  ;;
solasen  ;;
solastranden  ;;
solatann  ;;
solatrafikkskole  ;;
solaut  ;;
solbaere  ;;
solbakkenas  ;;
solbakkenbarnehage  ;;
solbergbandy  ;;
solberggulv  ;;
solberghallen  ;;
solbergindustri  ;;
solbergmekverksted  ;;
solbergsandtro  ;;
solbergsk  ;;
solbjor  ;;
solbolig  ;;
solbrillekongen  ;;
solbua  ;;
solbukta  ;;
solcelleexperten  ;;
solcelleprodukter  ;;
solcigar  ;;
soldekk  ;;
soldesign  ;;
soldi  ;;
soleggen  ;;
solemas  ;;
soleservice  ;;
solevag  ;;
solferie  ;;
solfjeld  ;;
solfonn-booking  ;;
solfrids-quiltestove  ;;
solglass  ;;
solglimt  ;;
solgruppen  ;;
solgul  ;;
solhaug-kano-fritid  ;;
solhaugen  ;;
solheim-diesel  ;;
solheim-fiskeferie  ;;
solheimconsult  ;;
solheimenhotell  ;;
solheimgartneri  ;;
solheimkjott  ;;
solheimpensjonat  ;;
solheimreklame  ;;
solheimshytta  ;;
solheimsimport  ;;
solheimtannklinikk  ;;
solhellingadata  ;;
solhytten  ;;
soli-brug  ;;
solid  ;;
solidifies  ;;
solidinterior  ;;
solidmedia  ;;
solidtec  ;;
solidus  ;;
solidworks  ;;
solistkoret  ;;
soljebutikken  ;;
solkollen  ;;
solkremer  ;;
solland  ;;
solli  ;;
sollia  ;;
sollianatur  ;;
sollidhytter  ;;
sollidlaft  ;;
sollidps  ;;
sollifjellet  ;;
sollihaugen  ;;
sollitrapp  ;;
sologstrand  ;;
soloneiendom  ;;
solorrenovasjon  ;;
solpluss  ;;
solsiden-brygge  ;;
solsiden-hemsedal  ;;
solsiden-hvasser  ;;
solsidenson  ;;
solsidenspa  ;;
solsikkenbhg  ;;
solskjel  ;;
solskjerming  ;;
solsport  ;;
solstad  ;;
solstad-bos  ;;
solstadakademiet  ;;
solstadgruppen  ;;
solstrale  ;;
solstrand-camping  ;;
solstrand-trading  ;;
solstrandblomster  ;;
solstrandinterior  ;;
solstrands  ;;
solstrandverft  ;;
soltunbhg  ;;
soltur  ;;
solumbokvennen  ;;
solumforlag  ;;
solumgolf  ;;
solundverft  ;;
solution  ;;
solutionseeker  ;;
solvang-camping  ;;
solvang2  ;;
solvang4  ;;
solvang5  ;;
solvangbarnehage  ;;
solvangcamping  ;;
solvarming  ;;
solvask  ;;
solvbutikken  ;;
solveigspizza  ;;
solverud  ;;
solvguttene  ;;
solvikbaatforening  ;;
solvin  ;;
solvkroken  ;;
solvold  ;;
solvsmed  ;;
solvsmeden  ;;
solvsmedtunet  ;;
solvstempler  ;;
solvtorget  ;;
solvtrans  ;;
somadalen  ;;
somadalenlandhandel  ;;
somagard  ;;
somebody  ;;
someday-app  ;;
sometimes  ;;
somewhere  ;;
sommarfest  ;;
sommarfestivalen  ;;
sommarlandcup  ;;
sommarlandskifestival  ;;
sommaroy  ;;
sommaroy-cruise  ;;
sommerballett  ;;
sommerbutikken  ;;
sommercruise  ;;
sommerfeber  ;;
sommerhus  ;;
sommerkvarteret  ;;
sommeroya  ;;
sommerplager  ;;
sommerro  ;;
sommersethdesign  ;;
sommerskolenoslo  ;;
sommerslagere  ;;
sommersomvinter  ;;
sommersstiftelse  ;;
sommersymfoni  ;;
sommertreff  ;;
somnail  ;;
somnaspinning  ;;
somrom  ;;
sonanskarriere  ;;
sonat  ;;
sondagsalliansen  ;;
sondagsskolebutikken  ;;
sondagsskolen  ;;
sondreaker  ;;
sondretannhelse  ;;
sonetworks  ;;
sonews  ;;
songvaar  ;;
sonhavn  ;;
soniq  ;;
sonjakrohn  ;;
sonnico  ;;
sonningdalelektro  ;;
sono  ;;
sonor  ;;
sonskilen  ;;
sonslalomklubb  ;;
sonspa  ;;
sooftmeals  ;;
soonck  ;;
soondesign  ;;
soongolf  ;;
soonsnekkerverksted  ;;
sop  ;;
sophiarose  ;;
sophiesminde  ;;
soppelserviceoslo  ;;
soppeltaxi  ;;
soppkontroll  ;;
soppognyttevekster  ;;
sopps  ;;
soprosjekt  ;;
kirken.sor-fron  ;;
sorbbl  ;;
sorbolig  ;;
sorbraten  ;;
sorbyutleie  ;;
sordal  ;;
soreaal  ;;
soreideil  ;;
soreidekirke  ;;
sorenga  ;;
sorenga4  ;;
sorensenfoto  ;;
sorensenmaskin  ;;
sorensenmobel  ;;
sorensensykler  ;;
sorenso  ;;
sorentio  ;;
sorentioweb  ;;
sorf  ;;
sorheim-brygge  ;;
sorheimholding  ;;
soriamoria  ;;
soriamoriaparken  ;;
soriaskole  ;;
sorknesgard  ;;
sorkompetanse  ;;
sorlandet-feriesenter  ;;
sorlandet-mcsenter  ;;
sorlandet-sykehus  ;;
sorlandetbooking  ;;
sorlandetbronnboring  ;;
sorlandets-rehab  ;;
sorlandets-travpark  ;;
sorlandetsnaturterapi  ;;
sorlandsadvokatene  ;;
sorlandsavisen  ;;
sorlandsbadet  ;;
sorlandsbadettrening  ;;
sorlandsk  ;;
sorlandskirken  ;;
sorlandskysten  ;;
sorlandsnytt  ;;
sorlandsstein  ;;
sorlandsstigen  ;;
sorleggeren  ;;
sorlie  ;;
sorliemusikk  ;;
sorlistoa  ;;
sormarka  ;;
sormegleren  ;;
sornett  ;;
sornorskfilm  ;;
soroptimistnorway  ;;
sorover  ;;
soroyrocken  ;;
sorrisniva  ;;
sorstein  ;;
sorstrand  ;;
sorteskiferbrudd  ;;
sorthvit  ;;
sortland-alpinklubb  ;;
sortland-camping  ;;
sortland-hundeklubb  ;;
sortlandhotell  ;;
sortlandjazz  ;;
sortlandkorforening  ;;
sorum-elektriske  ;;
sorumbeta  ;;
sorumfestivalen  ;;
sorumforum  ;;
sorveiv  ;;
sorvestbandy  ;;
sorvestbanen  ;;
sorvestreiser  ;;
sorvindu  ;;
sos-barnebyer  ;;
sos-rasisme  ;;
sosiologen  ;;
sosiologforeningen  ;;
sosjensen  ;;
team-rynkeby  ;;
team-trafikkskole  ;;
teambygg  ;;
teambygging  ;;
teamcoop  ;;
teamfrisorer  ;;
teamfritid  ;;
teamkonsult  ;;
teamkraft  ;;
teamnordlys  ;;
teamoffshoreracing  ;;
teamorder  ;;
teamrevisjon  ;;
teamskoti  ;;
teamtaxi  ;;
teamtrafikk  ;;
teamtrafikkskole  ;;
teamtreningssenter  ;;
teamvinduspuss  ;;
teamwork  ;;
teamxtreme  ;;
teamzulufadder  ;;
teateretmitt  ;;
teatergarasjen  ;;
teateribsen  ;;
teaterleir  ;;
teatersenter  ;;
teatimetango  ;;
teatretvart  ;;
tech-norge  ;;
technifor  ;;
technomarine  ;;
technomek  ;;
technopolis  ;;
techotel  ;;
techsoft  ;;
techstep  ;;
techteach  ;;
techweb  ;;
tectyl  ;;
teddytv  ;;
tedxoslo  ;;
teglgaarden  ;;
teglhus  ;;
tegma  ;;
tegn3  ;;
tegna  ;;
tegne  ;;
tegneloftet  ;;
tegnepartner  ;;
tegnerforbundet  ;;
tegneseriebloggen  ;;
tegneserieforum  ;;
tegneseriemuseet  ;;
tegnforlag  ;;
tegning  ;;
tegnlandskap  ;;
tegnordbok  ;;
tegu-sport  ;;
teiebat  ;;
teige-electro  ;;
teijo  ;;
tekcon  ;;
teknabarna  ;;
teknaconsult  ;;
teknakurs  ;;
teknamotor  ;;
teknikkspesialisten  ;;
teknisk-hobby  ;;
teknisk-industrivern  ;;
teknisk-produksjon  ;;
teknix  ;;
teknoinform  ;;
teknolab  ;;
teknologifestival  ;;
teknologiforalle  ;;
teknologihovedstaden  ;;
teknologijobb  ;;
teknologiradet  ;;
teknologisk  ;;
teknologiskmatforum  ;;
teknomed  ;;
teknomedia  ;;
teknoparken  ;;
teknotherm  ;;
teknova  ;;
teksloseafood  ;;
tekstforfatter  ;;
tekstil  ;;
tekstualitet  ;;
tekut  ;;
tel-rad  ;;
tel-tek  ;;
tela  ;;
telaris  ;;
tele-trading  ;;
teleapoteket  ;;
teleavisen  ;;
telebryggen  ;;
telecomrevy  ;;
telecomshop  ;;
telefaks  ;;
telefiber  ;;
telefinans  ;;
telefonsex24  ;;
telefontjenester  ;;
telefrukt  ;;
telehuset  ;;
telehusetvennesla  ;;
teleinfo  ;;
telekompetanse  ;;
telemarkbunad  ;;
telemarkfe  ;;
telemarkkunstnersenter  ;;
telemarkkunstsenter  ;;
telemarklys  ;;
telemarkmuseum  ;;
telemarkoffshore  ;;
telemarkonline  ;;
telemarkparkoghage  ;;
telemarkrusfriungdom  ;;
telemarksadvokatene  ;;
telemarksgalleriet  ;;
telemarkshallen  ;;
telemarkshistorier  ;;
telemarkskanalrittet  ;;
telemarkskilt  ;;
telemarksporten  ;;
telemarktredesign  ;;
telemarkvvs  ;;
telemarkweb  ;;
telemedic  ;;
telemix  ;;
telenorkulturarv  ;;
telepensjonistene  ;;
telepizzalillehammer  ;;
teleplanglobe  ;;
teleportalen  ;;
telepriser  ;;
telering  ;;
teleringbedrift  ;;
telesat  ;;
telescan  ;;
teleskin  ;;
telespar  ;;
telespinn  ;;
telespor  ;;
teleste  ;;
teletopiasms  ;;
teleurt  ;;
televenture  ;;
televikar  ;;
telinet  ;;
telinetbedrift  ;;
telinetbloggen  ;;
telipol  ;;
telle-tre  ;;
tellit  ;;
tellmann  ;;
tellreklame  ;;
tellu  ;;
tellus  ;;
telmo  ;;
teloks  ;;
telstad  ;;
telsys  ;;
teltec  ;;
teltlivet  ;;
teltronik  ;;
temaeiendom  ;;
temainnovasjon  ;;
temareiser  ;;
temareiserfredrikstad  ;;
temco  ;;
temp-team  ;;
tempe  ;;
tempebil  ;;
tempedekk  ;;
tempelgaarden  ;;
tempelseter-va  ;;
temperato  ;;
tempoas  ;;
tempohundogkatt  ;;
tempoklubben  ;;
temporittet  ;;
tempra  ;;
tempus  ;;
tempusin  ;;
tenden  ;;
tendenadvokat  ;;
tendenz  ;;
tender  ;;
tengs-pedersen  ;;
tenkdigitalt  ;;
tenksandefjord  ;;
tenkstorre  ;;
tenktango  ;;
tenktromso  ;;
tenkuniverselt  ;;
tennebo  ;;
tennis  ;;
tennisshoes  ;;
tenshinkan  ;;
tent  ;;
teodortomter  ;;
teogkaffehuset  ;;
teoribok  ;;
teppeabo  ;;
teppeland  ;;
tepperent  ;;
tepro  ;;
terapeuten  ;;
teres  ;;
teresrosenborg  ;;
terestonsberg  ;;
terik  ;;
terje-iren  ;;
terjejorgensen  ;;
terjesen  ;;
terjesenelektronikk  ;;
terjesvabo  ;;
termbasen  ;;
terminologi  ;;
terminusgastronomi  ;;
termografiteknikk  ;;
terningenfyr  ;;
terox  ;;
terracycle  ;;
terrahost  ;;
terraneo  ;;
terrassespesialisten  ;;
terratec  ;;
terrengsykkelrittet  ;;
terrigeno  ;;
terroir  ;;
tertnes  ;;
tertnes-ent  ;;
tertnesskolesmusikkorps  ;;
tesiden  ;;
tesori  ;;
tess  ;;
test-deg  ;;
testerne  ;;
testfakta  ;;
testify  ;;
tettpanaturen  ;;
tevjen  ;;
textdata  ;;
textshop  ;;
tf  ;;
tfik  ;;
tfkompetanse  ;;
tfou  ;;
tfsk  ;;
tftikm  ;;
tgov  ;;
tgsmat  ;;
tgsp  ;;
thaiembassy  ;;
thaiguide  ;;
thaimarket  ;;
thaiportalen  ;;
thaiwomenassociation  ;;
thalbergthogersen  ;;
thales  ;;
thalia  ;;
thallaug  ;;
thanke  ;;
thaugland  ;;
thbuss  ;;
the  ;;
thea-nordic  ;;
theac  ;;
theapartmentscompany  ;;
thearctictriple  ;;
theashus  ;;
theatercafeen  ;;
thechef  ;;
thecoffeeshop  ;;
thecustomer  ;;
thed  ;;
thedynamics  ;;
thefjogstad  ;;
theirishman  ;;
thekasbah  ;;
thekey  ;;
thelifebook  ;;
thelmaogmolli  ;;
thelounge  ;;
thema  ;;
themagictouch  ;;
themanutrition  ;;
themetricsystem  ;;
thenewcompany  ;;
theodor-olsen  ;;
theoslobook  ;;
theoslowall  ;;
thepitch  ;;
theproduct  ;;
therealthing  ;;
theresecleve  ;;
thereseknutsen  ;;
theresemyran  ;;
theresesferiehus  ;;
therium  ;;
therma  ;;
thermax  ;;
thermex  ;;
thermia  ;;
thermo-floor  ;;
thermo-transit  ;;
thermocold  ;;
thermofloor  ;;
thermoglass  ;;
thermoking  ;;
thermoprotection  ;;
thermotech-as  ;;
thermtech  ;;
theroom  ;;
theskinclinic  ;;
thestage  ;;
thestudio  ;;
theweddingvillage  ;;
thewindmill  ;;
thhk  ;;
thinkhairwear  ;;
thinksimple  ;;
this  ;;
thisisdaniel  ;;
thisistilt  ;;
thn  ;;
thoenhotel  ;;
thomasangell  ;;
thomasbrun  ;;
thomaseckhoff  ;;
thomasfilm  ;;
thonco  ;;
thoneiendom  ;;
thonshopping  ;;
thor-heldal  ;;
thorbjornrudhotell  ;;
thordahl  ;;
thorendahl  ;;
thorenergy  ;;
thorheldal  ;;
thori-aamot  ;;
thoring-hytter  ;;
thormax  ;;
thors  ;;
thorsenantirust  ;;
thorsengruppen  ;;
thrane  ;;
three-horses  ;;
thrustme  ;;
thsf  ;;
thuleforlag  ;;
thunberg  ;;
thune  ;;
thunestvedt  ;;
thyroidea  ;;
tibedrammen  ;;
tibetansk-buddhisme  ;;
ticc  ;;
ticketmobile  ;;
ticketservice  ;;
tidereiser  ;;
tidgiver  ;;
tidligintervensjon  ;;
tidsbanken  ;;
tidsporten  ;;
tidsreiser  ;;
tidsskriftforeningen  ;;
tidteknikk  ;;
tidtilsalgs  ;;
tidworld  ;;
tieroom  ;;
tifviking  ;;
tigerberget  ;;
tigerforlaget  ;;
tigernet  ;;
tight  ;;
tigrtattoo  ;;
tikfestival  ;;
tikitilhenger  ;;
tikktakk  ;;
tikkurila  ;;
tiko  ;;
tikspac  ;;
til-huset  ;;
til-tak  ;;
tilbakeblikk  ;;
tilboligen  ;;
tilbudsykler  ;;
tildegframeg  ;;
tilhammerfest  ;;
tilhelhet  ;;
tilhengerproffen  ;;
tilhengerservice  ;;
tilini  ;;
tilknytningspedagogene  ;;
tilnaermetlik  ;;
tilskuddsportalen  ;;
tilsynet  ;;
tiltdans  ;;
tiltoslo  ;;
time-as  ;;
time-kyrkja  ;;
timech  ;;
timecloud  ;;
timeflex  ;;
timegrip  ;;
timeit  ;;
timekeeping  ;;
timepriskalkulatoren  ;;
timescale  ;;
timik  ;;
timss  ;;
tina-rengjoring  ;;
tinahamelten  ;;
tindeguide  ;;
tinderangling  ;;
tindesenteret  ;;
tindeveglederne  ;;
tindevindu  ;;
tinefotballskole  ;;
tinematogdrikke  ;;
tinestafetten  ;;
tinex  ;;
tinexgroup  ;;
tinghai  ;;
tinglysing  ;;
tingsakercamping  ;;
tingstad  ;;
tingtun  ;;
tingvatn  ;;
tingvollbanken  ;;
tingvollokopark  ;;
tingvollost  ;;
tinius  ;;
tinkabelle  ;;
tinkafu  ;;
tinn-tfo  ;;
tinnbank  ;;
tinnbib  ;;
tinnbillag  ;;
tinnenergi  ;;
tinnenergibredband  ;;
tinnenerginett  ;;
tinnkro  ;;
tinnkulturskole  ;;
tinter  ;;
tintkom  ;;
tippeligaen  ;;
tippetue  ;;
tips-kompetansesenter  ;;
tipsfmservices  ;;
tir  ;;
tirpitz-museum  ;;
tirsdagmorgen  ;;
tirsdagslopet  ;;
tis  ;;
tise  ;;
tison-titlestad  ;;
titnett  ;;
tito-as  ;;
titodesign  ;;
tittins  ;;
tiveta  ;;
tivolipark  ;;
tjamsland  ;;
tjaralin  ;;
tjenestekatalog  ;;
tjf  ;;
tjome-fotoklubb  ;;
tjomekolonial  ;;
tjomeungdomsskole  ;;
tjomsland  ;;
tjorhomfjelletpanorama  ;;
tjorven  ;;
tjorves-tekniske  ;;
tjostheimgard  ;;
tjostolvsen  ;;
tjugen  ;;
tjukkasshop  ;;
tjurabarnehage  ;;
tkbc  ;;
tkbil  ;;
tkdsommerleir  ;;
tkf  ;;
tkg  ;;
tkh  ;;
tkk  ;;
tklinikken  ;;
tkmusic  ;;
tkost  ;;
tkpultrahoytrykk  ;;
tktrimming  ;;
tlbeautystore  ;;
tlh  ;;
tline  ;;
tln  ;;
tlsc  ;;
tlumacznorweskiego  ;;
nrs.tm  ;;
tm-hansen  ;;
tmf  ;;
tmfk  ;;
tmm  ;;
tmnorway  ;;
tmpo  ;;
tms  ;;
tmstudio  ;;
tnb  ;;
tnbb  ;;
tntkiropraktikk  ;;
tntnettverk  ;;
tobago  ;;
tobagoexperten  ;;
tobok  ;;
todamer  ;;
today  ;;
todo  ;;
toengaard  ;;
tofa  ;;
toffensbrukthandel  ;;
tofte-gjenvinning  ;;
toftedagen  ;;
toftweb  ;;
togbutikken  ;;
togemo  ;;
togersen-elektro  ;;
togleder  ;;
togservice  ;;
toindreogvekkmen  ;;
toispann  ;;
toivos  ;;
toj  ;;
tokestua  ;;
tokha  ;;
kyrkja.tokke  ;;
tokokker  ;;
tolgaslekt  ;;
tolke-tjenesten  ;;
tolkeforeningen  ;;
tollefsen-advokat  ;;
tollerodden  ;;
tollkonsult  ;;
tollroads  ;;
tolmer  ;;
tolvtemann  ;;
tomali  ;;
tomasgarden  ;;
tomasskolen  ;;
tomaszewicz  ;;
tombra  ;;
tombre  ;;
tomgustavsen  ;;
tomidland  ;;
tominemote  ;;
tomknudsen  ;;
tommen  ;;
tommerbygg  ;;
tommyhansenhallo  ;;
tommysandvin  ;;
tommyshage  ;;
tomrar-elin  ;;
tomrerterje  ;;
tomtefesterforbundet  ;;
tomwil  ;;
tomwoodproject  ;;
toneaanderaa  ;;
toneaase  ;;
toneheim  ;;
tonemyskja  ;;
tonesendesign  ;;
toneskipa  ;;
tonethingnes  ;;
toniandguy  ;;
tonic  ;;
tonico  ;;
tonje  ;;
tonne  ;;
tonnedental  ;;
tonnes  ;;
tonnes-snekkeri  ;;
tonnessen-ur-optik  ;;
tonningstryn  ;;
tonny  ;;
tonsasen  ;;
tonsbergadvokatene  ;;
tonsbergantirust  ;;
tonsberghavn  ;;
tonsbergjazz  ;;
tonsbergpinsekirke  ;;
tonsbergrefleksologi  ;;
tonsbergtaxi  ;;
tonstad-park  ;;
tonstadli  ;;
toogoodtogo  ;;
toolbag  ;;
toolfarm  ;;
top30norge  ;;
topaasoghaug  ;;
topaz  ;;
topbikes  ;;
topcat  ;;
topp7  ;;
toppafrika  ;;
toppentrearbeid  ;;
toppform-treningssenter  ;;
toppfotball  ;;
toppfotballsenter  ;;
toppgirl  ;;
toppgolf  ;;
topphandball  ;;
toppidrettsveka  ;;
topplederkonferansen  ;;
topprens  ;;
topptid  ;;
toppturfestivalen  ;;
toppvolley  ;;
topsecret  ;;
toptours  ;;
tor-fasseland  ;;
toraaugestad  ;;
torddesign  ;;
tordivel  ;;
toreeide  ;;
torejazz  ;;
torendresen  ;;
toresmotorservice  ;;
toreteksle  ;;
torgersenbil  ;;
torgersensaken  ;;
torgersskraphandel  ;;
torgethotell  ;;
torgettannlegesenter  ;;
torghatten  ;;
torghatten-nord  ;;
torghattennord  ;;
torghjornet  ;;
torhenrik  ;;
torillk  ;;
torillkdesign  ;;
torland-autolakk  ;;
tormatic  ;;
tormax  ;;
tornerose  ;;
toromogkjokken  ;;
torpa-el  ;;
torpconsulting  ;;
torpe  ;;
torpedobok  ;;
torpen  ;;
torpevannet  ;;
torpmaskin  ;;
torpoil  ;;
torpomoen  ;;
torputleie  ;;
torrfisk  ;;
torsbygg  ;;
torshov-nms  ;;
torshovelektro  ;;
torshovteatret  ;;
torso  ;;
torssolfilm  ;;
torstad  ;;
torstdrikke  ;;
torsteingamst  ;;
torsteinlium  ;;
torstmag  ;;
torstrup  ;;
torsvangmaskin  ;;
torsvik  ;;
tortbygg  ;;
torvis  ;;
torvmoen  ;;
torvtakmembran  ;;
tos  ;;
tosfoto  ;;
toshibavarmepumper  ;;
tosk  ;;
tosko  ;;
tosostre  ;;
tot  ;;
total-gruppen  ;;
totalbb  ;;
totalbodylaser  ;;
totalcoating  ;;
totaldata  ;;
totalgruppen  ;;
totalholding  ;;
totalinkasso  ;;
totalkapital  ;;
totalkontroll  ;;
totallyd  ;;
totalmaskin  ;;
totalrenovering  ;;
totalteknisk  ;;
totaltrafikkskole  ;;
totalwellness  ;;
toten-transport  ;;
totenalm  ;;
totenasloyper  ;;
totenbadeland  ;;
varpogveft  ;;
varres  ;;
varri  ;;
varsity  ;;
varsjekken  ;;
varslemeg  ;;
varsling24  ;;
varslingsutvalget  ;;
varsoghelga  ;;
vartdalplast  ;;
varteig-historielag  ;;
vartland  ;;
vasetdansen  ;;
vasetskiheiser  ;;
vasetstolen  ;;
vaskivestfold  ;;
vaskogrenseri  ;;
vaskulitt  ;;
vassbakk  ;;
vassfaropplevelser  ;;
vassfjellet  ;;
vasshella  ;;
vasstveit  ;;
vastvedt  ;;
vastveit  ;;
vat  ;;
vatnelian  ;;
vatour  ;;
vatsgardsmat  ;;
vau  ;;
vaulenkiropraktorklinikk  ;;
vaxaproperty  ;;
vaxtra  ;;
vbbl  ;;
vbf  ;;
vbggroupsales  ;;
vbgreven  ;;
vbh  ;;
vbknordic  ;;
vbl  ;;
vbmedia  ;;
vbpr  ;;
vbsmc  ;;
vbtekniske  ;;
vbtromso  ;;
vccn  ;;
vctf  ;;
vdf  ;;
vdmontasje  ;;
vdtransport  ;;
vea-fs  ;;
veb  ;;
ved  ;;
ved3  ;;
vedlageret  ;;
vedlikeholdsforvaltning  ;;
vedterminalen  ;;
vedum  ;;
vef  ;;
veff  ;;
vefi  ;;
veflen  ;;
vefsnfolkehogskole  ;;
vegaforlag  ;;
veganlife  ;;
vegansamfunnet  ;;
vegarsheiskisenter  ;;
vegasmb  ;;
vegavenner  ;;
veggegard  ;;
vegglifjellskisenter  ;;
vegjus  ;;
vegsund-slip  ;;
veiholmen  ;;
veikroa-nesiadal  ;;
veiledercoach  ;;
veiledningssenter  ;;
veiledningssentrene-akershus  ;;
veimas  ;;
veioganlegg  ;;
veiskilting  ;;
veiteknisk  ;;
vekkelsen  ;;
vekos  ;;
vekselbanken  ;;
vekst-alesund  ;;
vekst-balanse  ;;
vekst-kapro  ;;
vekstios  ;;
vekstkonferansen  ;;
vekstmelhus  ;;
vekstmiljo  ;;
vekstoppdal  ;;
vekstpsykolog  ;;
vekt1  ;;
vektek  ;;
vekterogalarmservice  ;;
vektorprogrammet  ;;
vekvemedia  ;;
vel  ;;
velfac  ;;
velferd  ;;
velferdsalliansen  ;;
velferdsstaten  ;;
velfjorden  ;;
velforbundet  ;;
velgfransk  ;;
velgriktig  ;;
velholdt  ;;
velihavn  ;;
velkommenhit  ;;
velkommentiloss  ;;
velle  ;;
velnett  ;;
velo  ;;
velocitysport  ;;
velomobil  ;;
velux  ;;
veluxshop  ;;
velvaereloftet  ;;
vemas  ;;
venabygdgrunneierlag  ;;
venabygdsfjellet  ;;
venator  ;;
vendo  ;;
venelagethauge  ;;
venezuela  ;;
veniro  ;;
venneravrygge  ;;
venneslabuss  ;;
venneslakulturhus  ;;
venneslatidende  ;;
vennskap  ;;
venor  ;;
venotek  ;;
ventawindows  ;;
ventistal  ;;
ventitech  ;;
ventokas  ;;
venturecup  ;;
venturelab  ;;
venturenorway  ;;
veolia-transport  ;;
vepro  ;;
vepsen  ;;
veratank  ;;
verawilliam  ;;
verdal-historielag  ;;
verdalfjellstyre  ;;
verdalmannskor  ;;
verdalselva  ;;
verdalskalk  ;;
verdalskrana  ;;
verdensarvenroros  ;;
verdensbarn  ;;
verdensdagen  ;;
verdensendespiseriet  ;;
verdi-as  ;;
verdi-eiendom  ;;
verdieniavfall  ;;
verdigesmil  ;;
verdighetsenteret  ;;
verdiskaperen  ;;
verdsarvturen  ;;
verena  ;;
veressjoenrundt  ;;
verform  ;;
verge  ;;
vergeforeningen  ;;
vericom  ;;
verida  ;;
verkarkitektur  ;;
verketblomsterbinderi  ;;
verketfestival  ;;
verketsvenner  ;;
verkis  ;;
verkshotellet  ;;
verkstedbakken  ;;
verkstedutstyr  ;;
verktoy-teknikk  ;;
verktoyas  ;;
verktoybutikken  ;;
verktoypartner  ;;
verktoysikring  ;;
vermundlarsen  ;;
vernesenteret  ;;
veronikaglitsch  ;;
versati  ;;
verslasnorvegijoje  ;;
verticalplayground  ;;
vertikalservice  ;;
vertshuset-sinclair  ;;
vertshusetroros  ;;
vertshusettavern  ;;
vertshusettvedestrand  ;;
vertshusetv-e6  ;;
vertskapet  ;;
vervet  ;;
vesar  ;;
vesas  ;;
vesethas  ;;
veslestolen  ;;
veslum-media  ;;
vesperbar  ;;
vest-nap  ;;
vest-sahara  ;;
vest-telemark  ;;
vest-telemarkbiblioteka  ;;
vest24  ;;
vestaberg  ;;
vestack  ;;
vestafjells  ;;
vestagdermuseet  ;;
vestaksen  ;;
vestas  ;;
vestavind-sveio  ;;
vestbatservice  ;;
vestbo  ;;
vestborg  ;;
vestbrygg  ;;
vestbybf  ;;
vestbynytt  ;;
vestcamp  ;;
vestdavit  ;;
vesteraalen-regionraad  ;;
vesteralskartet  ;;
vesteralsprodukter  ;;
vesterland  ;;
vestfold-brannteknikk  ;;
vestfold-fjellboring  ;;
vestfoldarkivet  ;;
vestfoldgolfhall  ;;
vestfoldgolfklubb  ;;
vestfoldkunstsenter  ;;
vestfoldmaritim  ;;
vestfoldmuseene  ;;
vestfoldolb  ;;
vestfoldstakken  ;;
vestfoldturer  ;;
vestforbergen  ;;
vestforsk  ;;
vestfoto  ;;
vesthelse  ;;
vesthus  ;;
vestkanten  ;;
vestkantsvommerne  ;;
vestkyst  ;;
vestlandoffshore  ;;
vestlandsfanden  ;;
vestlandshus  ;;
vestlandske-auto  ;;
vestlandskelimtre  ;;
vestlandskunstnere  ;;
vestlandsnytt  ;;
vestlandspasienten  ;;
vestlandsraadet  ;;
vestlandsutstillingen  ;;
vestlivel  ;;
vestmarbht  ;;
vestnes-hundeklubb  ;;
vestnes-renovasjon  ;;
vestnesavisa  ;;
vestnesuroptikk  ;;
vestnorteknikk  ;;
vestreg  ;;
vestregionen  ;;
vestrohelse  ;;
vestskog  ;;
vestsupply  ;;
vestteknikk  ;;
vesttrade  ;;
vestvatn  ;;
vestvikreklame  ;;
vestvind  ;;
vesuv  ;;
vetas  ;;
vetberven  ;;
vetconsult  ;;
veteranhopp  ;;
veteranlastebilboka  ;;
veteranmaskiner  ;;
veteranservice  ;;
veteranvogn  ;;
veths  ;;
vetinst  ;;
vetnett  ;;
vetscan  ;;
vetsentrum  ;;
vetserve  ;;
vevangas  ;;
vevlemek  ;;
vevmesteren  ;;